1,9780131997301,9780131997301,TOP NOTCH FUNDAMENTALS STUDENTS BOOK WITHSUPER CD ROM,0,241.2,001,001
2,9781405852272,9781405852272,CUTTING EDGE ELEMENTARY STUDENTS BOOK ANDCD ROM PAC SECOND EDITION,0,282.74,001,001
3,9780582825048,9780582825048,CUTTING EDGE ELEMENTARY WORKBOOK WITHOUT KEY SECOND EDITION,0,119.26,001,001
4,9781405852289,9781405852289,CUTTING EDGE PRE INTERMEDIATE STUDENTS BOOK AND CD ROM SECOND EDITION,0,282.74,001,001
5,9780582825123,9780582825123,CUTTING EDGE PRE INTERMEDIATE WORKBOOK WITHOUT KEY SECOND EDITION,0,119.26,001,001
6,9780582825192,9780582825192,CUTTING EDGE INTERMEDIATE WORKBOOK WITHOUT KEY SECOND EDITION,0,119.26,001,001
7,9781405852296,9781405852296,CUTTING EDGE INTERMEDIATE STUDENTS BOOK AND CD ROM PACK SECOND EDITION,0,282.74,001,001
8,9781405852302,9781405852302,NEW CUTTING EDGE UPPER INTER STUDENTS BOOK WITH CD,0,282.74,001,001
9,9780582825277,9780582825277,NEW CUTTING EDGE UPPER INTERMEDIATE WORKBOOK WITHOUT KEY SECOND EDITION,0,119.26,001,001
10,9780582825086,9780582825086,CUTTING EDGE ELEMENTARY STUDENT CD SECOND EDITION,0,27.59,001,001
11,9780582825161,9780582825161,CUTTING EDGE PRE INTERMEDIATE STUDENT CD SECOND EDITION,0,27.59,002,001
12,9780582825246,9780582825246,CUTTING EDGE INTERMEDIATE STUDENT CD SECOND EDITION,0,27.59,002,001
13,9780582825321,9780582825321,CUTTING EDGE UPPER INTERMEDIATE STUDENT CD SECOND EDITION,0,27.59,002,001
14,9788429447538,9788429447538,A CHRISTMAS CAROL,0,72,002,001
15,9781906861223,9781906861223,A LION CALLED CHRISTIAN,0,106,002,001
16,9789707392410,9789707392410,A WAY WITH WORD LEVEL 5,0,76,002,001
17,9789707392335,9789707392335,A WORLD OF THEATS LEVEL 3,0,76,002,001
18,9780521532921,9780521532921,ADVANCED GRAMMAR IN USE SECOND EDITION  EDITION WITHOUT ANSWERS,0,375,002,001
19,9788466804684,9788466804684,ADVENTURE AT PICCADILLY CIRCUS  LA SPIGA,0,56,002,001
20,9788466818919,9788466818919,ALIEN VS PREDATOR LEVEL 2,0,106,002,001
21,9788466810296,9788466810296,AMAZING GRACE LEVEL 3,0,106,002,001
22,9789707392427,9789707392427,ANCIENT CHINA LEVEL 5,0,76,002,001
23,9788466810302,9788466810302,ANGELAS ASHES  THE STORY OF AND IRISH C LEVEL 3,0,106,002,001
24,9789707392205,9789707392205,ANIMAL ANTICS LEVEL B,0,80,003,001
25,9780141023816,9780141023816,ART OF WAR,0,114,003,001
26,9781906861155,9781906861155,BARACK OBAMA WITH CD,0,106,003,001
27,9780521625999,9780521625999,BASIC GRAMMAR IN USE SECOND EDITION  STUDENTS BOOK WITHOUT ANSWERS WITH AUDIO CD,0,329,003,001
28,9788466818698,9788466818698,BATMAN BEGINS LEVEL 2,0,106,003,001
29,9788466808651,9788466808651,BILLY ELLIOT LEVEL 1,0,106,003,001
30,9780451528650,9780451528650,BLACK BEAUTY,0,83,003,001
31,9781906861193,9781906861193,BLACK GOLD,0,106,003,001
32,9788466804479,9788466804479,BONNIE AND CLYDE LA SPIGA,0,56,003,001
33,9788466818957,9788466818957,BUFFY THE VAMPIRE S I ROBOT YOU JANE LEVEL 3,0,106,003,001
34,9788466808644,9788466808644,BUFFY THE VAMPIRE SLAYER  HALLOWEEN LEVEL 1,0,106,003,001
35,9788466818940,9788466818940,BUFFY THE VAMPIRE SLAYER  INCA MUMMY LEVEL 2,0,106,003,001
36,9789707392274,9789707392274,BY THE SEA LEVEL 1,0,76,003,001
37,9788466818964,9788466818964,CATWOMAN LEVEL 3,0,106,003,001
38,9789707392434,9789707392434,CELL CITY LEVEL 5,0,76,003,001
39,9788466812238,9788466812238,CITY OF EMBER LEVEL 1,0,106,003,001
40,9789707392458,9789707392458,CLOSE UP ON CAREERS LEVEL 6,0,76,003,001
41,9789707392175,9789707392175,CLOWNING AROUND LEVEL B,0,80,003,001
42,9789707392229,9789707392229,CRICKLE CRACKLE POP LEVEL C,0,80,003,001
43,9789707392182,9789707392182,DAD AND ME LEVEL B,0,80,003,001
44,9780141311326,9780141311326,DANNY THE CHAMPION OF THE WORLD,0,171,003,001
45,9788466819039,9788466819039,DATE WITH DISASTER LEVEL 1,0,106,003,001
46,9789707392373,9789707392373,DESIGNED FOR LIVING LEVEL 4,0,76,003,001
47,9789706506221,9789706506221,DICCIONARIO MACMILLAN CASTILLO,0,138,003,001
48,9788466819053,9788466819053,DJ AMBITION LEVEL 2,0,106,003,001
49,9789707392281,9789707392281,DOWN ON THE FARM LEVEL 1,0,76,003,001
50,9788429447521,9788429447521,DR JEKYLL AND HYDS,0,72,003,001
51,9788466804608,9788466804608,DRACULA  LA SPIGA,0,56,003,001
52,9788466810289,9788466810289,DREAMGIRLS LEVEL 3,0,106,010,001
53,9789686820157,9789686820157,EASY GRAMMAR DELTI CONCISE ENGLISH GRAMMAR TABLES,0,120,003,001
54,9788466812269,9788466812269,ELIZABETH IN THE GOLDEN AGE LEVEL 3,0,106,003,001
55,9780521532907,9780521532907,ENGLISH GRAMMAR IN USE THIRD EDITION  EDITION WITHOUT ANSWERS,0,375,003,001
56,9780521675819,9780521675819,ESSENTIAL GRAMMAR IN USE THIRD EDITION  EDITION WITHOUT ANSWERS,0,276,003,001
57,9781405312400,9781405312400,EYEWITNESS TRAVEL TOP 10 ORLANDO,0,123,003,001
58,9780201846720,9780201846720,FACE THE ISSUES BOOK,0,398,003,001
59,9780141311289,9780141311289,FANTASTIC MR FOX,0,142,003,001
60,9788466812283,9788466812283,FAST FOOD NATION  THE TRUTH BEHIND LEVEL 3,0,106,004,001
61,9789707392243,9789707392243,FLIP FLAP FLY LEVEL C,0,80,004,001
62,9788429453829,9788429453829,FRANKENSTEIN,0,76,004,001
63,9789707392298,9789707392298,FRIENDS AND FAMILIES LEVEL 2,0,76,004,001
64,9789707392311,9789707392311,FUN AND GAMES LEVEL 2,0,76,004,001
65,9781405312189,9781405312189,GERMANY EYEWITNESS TRAVEL GUIDE,0,359,004,001
66,9789707392441,9789707392441,GETTING TOGETHER LEVEL 5,0,76,004,001
67,9780835909891,9780835909891,GF THE COUNT OF MONTECRISTO,0,103,004,001
68,9780822493440,9780822493440,GF THE PRINCE AND THE PAUPER,0,118,004,001
69,9788466804615,9788466804615,GHOST STORIES LA SPIGA,0,56,004,001
70,9789707392465,9789707392465,GIANTS OF THE DEEP LEVEL 6,0,76,004,001
71,9789707392342,9789707392342,GIFTS FROM GREECE LEVEL 3,0,76,004,001
72,9780521734776,9780521734776,GRAMMAR IN USE INTERMEDIATE STUDENTS BOOK WITH ANSWERS AND CD ROM NORTH AMERICAN ENGLISH 3TH EDITION,0,387,004,001
73,9780521759366,9780521759366,GRAMMAR IN USE INTERMEDIATE THIRD EDITION STUDENTS BOOK WITHOUT ANSWERS AND AUDIO CD,0,375,004,001
74,9789707392380,9789707392380,GRASSLAND SAFARI LEVEL 4,0,76,004,001
75,9780140157376,9780140157376,HAROUND THE SEA OF STORIES,0,176,004,001
76,9780141013664,9780141013664,HENRY IV PART ONE,0,171,004,001
77,9789707392144,9789707392144,HISS ROAR PURR LEVEL A,0,80,004,001
78,9788466810241,9788466810241,HOOT  TIME TO FIGHT FOR THE LITTLE GUYS LEVEL 2,0,106,004,001
79,9789707392151,9789707392151,HOP SKIP JUMP LEVEL A,0,80,004,001
80,9781906861070,9781906861070,HOTEL FOR DOGS WITH CD,0,106,004,001
81,9789707392267,9789707392267,IN MY GARDEN  LEVEL 1,0,76,004,001
82,9788466812252,9788466812252,INDIANA JONES AND THE KINGDOOM LEVEL 3,0,106,004,001
83,9789685699143,9789685699143,INTERACTIVE PICTURE DICTIONARY AND WORD GAMES,0,152,004,001
84,9781906861209,9781906861209,IRAQ IN FRAGMENTS,0,106,004,001
85,9788466810227,9788466810227,JANE EYRE LEVEL 2,0,106,004,001
86,9789707392250,9789707392250,JEEPERS CREEPERS LEVEL 1,0,76,004,001
87,9780582461475,9780582461475,LT THE PEARL,0,270,005,001
88,9780333992128,9780333992128,MACMILLAN ESSENTIAL DICTIONARY AMERICAN ENGLISH WITH CD ROM,0,284,005,001
89,9788466812207,9788466812207,MALCOLM IN THE MIDDLE WITH CD LEVEL 1,0,106,005,001
90,9789707392397,9789707392397,MEDIEVAL DAYS LEVEL 4,0,76,005,001
91,9781843535935,9781843535935,MINI ROUGH GUIDE PARIS,0,133,005,001
92,9789707392472,9789707392472,MONUMENTS AND MUMMIES LEVEL 6,0,76,005,001
93,9788466810197,9788466810197,MR BEANS HOLIDAY LEVEL 1,0,106,005,001
94,9788466810180,9788466810180,NIGHT AT THE MUSEUM LEVEL 1,0,106,005,001
95,9781906861100,9781906861100,NIGHT THE MUSEUM BETTLE OF THE SMITHSONIAN WITH CD,0,106,005,001
96,9789707392403,9789707392403,ON THE WILD SIDE LEVEL 4,0,76,005,001
97,7506009808539,7506009808539,PACK CHATTING 1 STUDENTS BOOK AND CD WITH ROM,0,160,005,001
98,7506009808553,7506009808553,PACK CHATTING 3 STUDENTS BOOK AND CD WITH ROM,0,160,005,001
99,9780582373730,9780582373730,PENG 2 BAYWATCH THE INSIDE STORY AUDIO PACK,0,40,005,001
100,9780582421189,9780582421189,PENG 2 KING ARTHUR AND THE KNIGHTS OF THE ROUND TABLE,0,34,005,001
101,9780582434691,9780582434691,PENG 2 OF MICE AND MEN,0,60,005,001
102,9780582342453,9780582342453,PENG 2 WALK ABOUT AUDIO PACK,0,173,005,001
103,9780582417816,9780582417816,PENG 3 FORREST GUMP,0,60,005,001
104,9780582416406,9780582416406,PENG 3 SILAS MARNER,0,60,005,001
105,9780582430464,9780582430464,PENGUIN 4 MANAGEMENT GURUS,0,69,005,001
106,9781405884402,9781405884402,PENGUIN ACTIVE READING 1 THE RAINBOWN SERPENT BOOK AND CD ROM PACK,0,108,005,001
107,9781405852098,9781405852098,PENGUIN ACTIVE READING 2 NELSON MANDELA BOOK AND CD ROM PACK,0,108,005,001
108,9780140707243,9780140707243,PENGUIN CLASSIC KING LEAR,0,142,005,001
109,9780140815894,9780140815894,PENGUIN GRAMMAR AND USAGE CAMBRIDGE FIRST CERTICATE,0,45,005,001
110,9781405879767,9781405879767,PENGUIN READERS 4 STRANGER THAN FICTION URBAN MYTHS AUDIO CD PACK,0,104,005,001
111,9781405880107,9781405880107,PENGUIN READERS 5 THREE SHORT STORIES OF SHERLOCK HOLMES AUDIO CD PACK,0,113,005,001
112,9780140282771,9780140282771,PR BIG FISH,0,163,005,001
113,9788466810265,9788466810265,PRIDE AND PREJUDICE LEVEL 3,0,106,005,001
114,9789707392212,9789707392212,RAINY DAYS LEVEL C,0,80,005,001
115,9780345447258,9780345447258,RANDOM HOUSE WEBSTERS DICTIONARY,0,72,005,001
116,9788466810234,9788466810234,ROBIN HOOD  THE SILVER ARROW AN THE S LEVEL 2,0,106,005,001
117,9788466804455,9788466804455,ROBIN HOOD LA SPIGA,0,56,005,001
118,9788466812214,9788466812214,ROBIN HOOD THE TAXMAN WITH CD,0,106,005,001
119,9788466810210,9788466810210,ROCKY BALBOA LEVEL 2,0,106,005,001
120,9789707392489,9789707392489,SECRETS OF THE SKY LEDVEL 6,0,76,005,001
121,9781906861124,9781906861124,SENSE AND SENSIBILITY WITH CD,0,106,005,001
122,9781906861216,9781906861216,SLUMDOG MILLIONAIRE,0,106,005,001
123,9788466808668,9788466808668,SMALLVILLE ARRIVAL LEVEL 1,0,106,005,001
124,9788466818926,9788466818926,SPIDER MAN 2 LEVEL 2,0,106,005,001
125,9788466808736,9788466808736,SPIDER MAN LEVEL 1,0,106,005,001
126,9789707392168,9789707392168,SPLISH SPLASH SPLOSH LEVEL A,0,80,006,001
127,9781906861117,9781906861117,STAR WARS CLONE WARS WITH CD,0,106,006,001
128,9788466818971,9788466818971,SUPERMAN RETURNS LEVEL 3,0,106,006,001
129,9789707392366,9789707392366,TAP  INTO SAP LEVEL 3,0,76,006,001
130,9781906861087,9781906861087,THE ADVENTURES OF MERLIN ARTHUR AND THE UNICORN,0,106,006,001
131,9780713999129,9780713999129,THE COLD WAR JOHN LEWIS GADDIS,0,431,006,001
132,9780060281373,9780060281373,THE COMPLETE CHRONICLES OF NARNIA,0,621,006,001
133,9788466812245,9788466812245,THE DEVIL WEARS PRADA WITH CD,0,106,006,001
134,9788466819046,9788466819046,THE INCROWD LEVEL 2,0,106,006,001
135,9789707392359,9789707392359,THE INSECT ARMY LEVEL3,0,76,006,001
136,9780141439983,9780141439983,THE INVISIBLE MAN,0,184,006,001
137,9789685699136,9789685699136,THE LANGUAJE IN ENGLISH TEACHING,0,331,006,001
138,9788466804790,9788466804790,THE LAST OF THE MOHICANS LA SPIGA,0,56,006,001
139,9788466812290,9788466812290,THE LOST  CHRONICLES PART 1 LEVEL 3,0,106,006,001
140,9788466812306,9788466812306,THE LOST  CHRONICLES PART 2 LEVEL 3,0,106,006,001
141,9781906861162,9781906861162,THE MASK OF ZORRO WITH CD,0,106,006,001
142,9781906861131,9781906861131,THE MUMMY TOMB OF THE DRAGON EMPEROR,0,106,006,001
143,9780451181688,9780451181688,THE NEW WORLD DICTIONARY SPANISH ENGLISH ENGLISH SPANISH,0,79,006,001
144,9781594488931,9781594488931,THE NEW YORK TIMES OBAMA THE HISTORIC JOURNEY,0,555,006,001
145,9788466818988,9788466818988,THE OC  THE GAMBLE LEVEL 3,0,106,006,001
146,9788466818995,9788466818995,THE OC  THE MISFITS LEVEL 3,0,106,006,001
147,9788466818933,9788466818933,THE OC  THE OUTSIDER LEVEL 2,0,106,006,001
148,9780141187433,9780141187433,THE PENGUIN FREUD READER,0,328,006,001
149,9788466818704,9788466818704,THE PINK PANTHER LEVEL 2,0,106,006,001
150,9788466812276,9788466812276,THE QUEEN LEVEL 3,0,106,006,001
151,9781843535171,9781843535171,THE ROUGH GUIDE TO DA VINCI CODE,0,144,006,001
152,9781843537137,9781843537137,THE ROUGH GUIDE TO THE DA VINCI CODE,0,195,006,001
153,9789707392304,9789707392304,THOSE ANIMALS LEVEL 2,0,76,006,001
154,9780140620870,9780140620870,THROUGH THE LOOKING GLASS,0,45,006,001
155,9780140274547,9780140274547,TIME OUT MIAMI GUIDE,0,339,006,001
156,9780141016610,9780141016610,TIMON OF ATHENS,0,171,006,001
157,9788466810272,9788466810272,TOUCHING THE VOID LEVEL 3,0,106,006,001
158,9788466812221,9788466812221,TRANSFORMERS LEVEL  1,0,106,006,001
159,9780060776756,9780060776756,U2 BY U2 BONO THE EDGE ADAM CLAYTON LARRY MULLER,0,301,006,001
160,9788466804813,9788466804813,UUNCLES TOM CABIN LA SPIGA,0,56,006,001
161,9781906861186,9781906861186,VANITY FAIR WITH CD,0,106,006,001
162,9789504605942,9789504605942,VISUAL ARTS AND COMMUNICATION STUDENT BOOK,0,88,006,001
163,9789707392199,9789707392199,WALK ON THE WILDE SIDE LEVEL B,0,80,006,001
164,9789707392328,9789707392328,WHATS COOKING? LEVEL 2,0,76,006,001
165,9780448431444,9780448431444,WHO WAS HELEN KELLER,0,78,006,001
166,9780448443010,9780448443010,WHO WAS LEONARDO DA VINCI,0,83,006,001
167,9780448431048,9780448431048,WHO WAS WOLFANG AMADEUS MOZART,0,78,006,001
168,9788466818681,9788466818681,X MEN 2,0,106,006,001
169,9788466808743,9788466808743,X MEN LEVEL 1,0,106,006,001
170,9788466810258,9788466810258,XMEN THE LAST STAND LEVEL 3,0,106,006,001
171,9781906861063,9781906861063,ZOEY 101 WITH CD,0,106,006,001
